term,n,beta_USDT,p_USDT,beta_USDC,p_USDC,wald_USDT_eq_USDC_p,r2,dw
4-Week,51,-1.1412160154835913,0.011633889074286849,0.44162930003347334,0.04793058539356303,0.0015319431171247936,0.40880567867290507,1.3481485331660032
8-Week,51,-1.5430586161676576,0.015589049934137983,0.1310110209604654,0.5161828271590113,0.006623690921385404,0.40204930085519286,1.2547319493821065
13-Week,51,-1.469588081333554,0.0004014719237607093,0.3620160448237672,0.05618545001963468,3.8409537613053506e-05,0.4492725655226075,1.418139017766524
26-Week,51,-1.682830366382671,6.407732955546572e-05,-0.01839998964976114,0.9216667719397742,0.00020149154931589934,0.31417483639732746,1.6673412248490713
