term,n,beta_USDT,p_USDT,beta_USDC,p_USDC,wald_USDT_eq_USDC_p,r2,dw
4-Week,51,-1.2251527999320138,0.010008171355693395,0.4516994669687737,0.05951411100628771,0.0007706918959465109,0.3907611184689719,1.3958251757168036
8-Week,51,-1.5525422532027071,0.007223977445669636,0.14504976639233508,0.5155961563227762,0.0031393256413627447,0.38545334865436764,1.2942387398353419
13-Week,51,-1.3658287828797595,0.0027658005945538616,0.3384111633302831,0.13085967570543663,0.00032066332365942695,0.4057876193637453,1.4811778931421922
26-Week,51,-1.5870226930060625,0.00027475595647798233,-0.015797614711905855,0.9367368799360165,0.0006839633400651525,0.36112746640610294,1.7837007385464816
