spec,variable,coef,p_value,sig
Main,dln_supply,-1.1198418637674283,0.41596550898563966,
Main,theta,-0.016990171523732004,0.8566265254057536,
Main,liq_buffer,1.0678626257416346,0.13878360135088175,
Main,L_x_dlns,-11.434740319984503,0.3889395362260064,
Old buffer_ratio spec,dln_supply,-7.568952671689426,0.004417779854763578,***
Old buffer_ratio spec,buffer_ratio,0.11846696355741904,0.310223373184622,
Old buffer_ratio spec,buf_x_dlns,-7.520254141992115,0.01929611601741481,**
