spec,variable,coef,p_value,sig
Main,dln_supply,-6.017171037879474,0.006245129747979825,***
Main,theta,0.10041051380454287,0.6943336161605709,
Main,liq_buffer,1.0343375098599148,0.45798799026254877,
Main,L_x_dlns,3.891177319854773,0.8613044247637056,
Old buffer_ratio spec,dln_supply,-13.770717949702101,0.005864462929786001,***
Old buffer_ratio spec,buffer_ratio,0.3688037206138293,0.1932437919242196,
Old buffer_ratio spec,buf_x_dlns,-11.880119180203492,0.05472065164904264,*
