spec,variable,coef,p_value,sig
Main,dln_supply,0.09653894095309845,0.9276544636379127,
No interaction,dln_supply,-21.12919752173967,1.683609123968007e-05,***
No interaction,buffer_ratio,0.6237507136809364,0.03183083763840571,**
No interaction,buf_x_dlns,-22.577224112561844,1.6317090321666067e-05,***
