spec,variable,coef,p_value,sig
Main,dln_supply,-11.365159006675608,2.7088761899433235e-05,***
Main,buffer_ratio,0.09655891301751783,0.6822280262420763,
Main,buf_x_dlns,-11.295928188824863,0.0006092176498265226,***
No interaction,dln_supply,-2.971825427412891,9.059680949316825e-05,***
No interaction,buffer_ratio,-0.4024183968948862,0.02057717639713054,**
